{
  "comment": "D405 카메라 좌표계(분석 방향, cw90 회전 적용) 기준 박스 rim 평면. 카메라 마운트/책상 높이/박스/추종 시 torso 자세가 바뀌지 않는 한 유효.",
  "frame": "d405_color_analysis_cw90",
  "normal": [
    0.0014845148269073273,
    -0.7034076576165067,
    -0.7107851035455006
  ],
  "point": [
    -0.0004636714969897825,
    0.21970146453881284,
    0.22200572673670824
  ],
  "box_size_m": {
    "long": 0.505,
    "short": 0.335,
    "height": 0.195
  },
  "derived_from_sessions": [
    "d405_center_visible",
    "d405_left_crop",
    "d405_right_crop",
    "d405_yaw_plus",
    "d405_yaw_minus",
    "d405_empty_xy",
    "d405_empty_yaw"
  ],
  "cross_session_spread": {
    "angle_deg": 0.52,
    "offset_mm": 3.9
  },
  "frames_used": 63,
  "created": "2026-07-06",
  "note": "d405_empty_* (빈 박스) 세션 포함 7세션 통합 재캘리브. 기존 5세션 값 대비 차이는 mm 미만."
}
